county,n,pct
Bungoma,1420,68.20365033621518
Kilifi,380,18.251681075888566
Kitui,282,13.544668587896252
