direction,n,pct
No Change,1771,36.157615353205394
Progression,2683,54.77746018783177
Regression,444,9.064924458962842
